id,name,email,
5911,Awilda Brittingham,awid23@gmail.com
3602,Belle Doig,bel34@gmail.com
9593,Zula Avants,zula34@gmail.com,
5002,Maribel Mcquay,mari345@gmail.com,
7741,Evangelina Sommerville,evan234@gmail.com,
7285,Pamila Gaskill,pam34@gmail.com,
9361,Keshia Stella,kesha34@gmail.com,
1400,Farah Zander,farah24@gmail.com,
4651,Iesha Wray,iesha234@gmail.com,
9494,Lavinia Delia,lavin324@gmail.com,
7057,Sherlene Marko,sherlene32@gmail.com,
9520,Rosalina Walcott,rosa342@gmail.com,
8450,Sarita Tsui,seri342@gmail.com,
8049,Hannah Torsiello,hann444@gmail.com,
3919,Logan Sibley,logan324@gmail.com,
1168,Lessie Morency,less234@gmail.com,
1425,Hilda Mill,hilda324@gmail.com,
9842,Annika Ivey,ann5@gmail.com,
3485,Jared Plain,jared34@gmail.com